theme|subtheme
Protección y Seguridad Ciudadana|Educación Vial
Protección y Seguridad Ciudadana|Bomberos
Protección y Seguridad Ciudadana|Sanciones y Reclamaciones
Protección y Seguridad Ciudadana|Armas
Protección y Seguridad Ciudadana|Informes, Autorizaciones...
Protección y Seguridad Ciudadana|Consumo
Protección y Seguridad Ciudadana|Emergencias y Protección Civil
Protección y Seguridad Ciudadana|Museo de los Bomberos y del Fuego
Protección y Seguridad Ciudadana|Animales
Asociación y Participación Ciudadana|Ayudas y subvenciones
Asociación y Participación Ciudadana|Cursos y Actividades
Asociación y Participación Ciudadana|Cooperación y Desarrollo
Asociación y Participación Ciudadana|Asociacionismo
Asociación y Participación Ciudadana|Reserva de Espacios
Asociación y Participación Ciudadana|Voluntariado
Asociación y Participación Ciudadana|Censo y elecciones
Ayudas Económicas y Subvenciones|Participación Ciudadana
Ayudas Económicas y Subvenciones|Empresas
Ayudas Económicas y Subvenciones|Acción Social
Ayudas Económicas y Subvenciones|Consumo
Ayudas Económicas y Subvenciones|Vivienda
Ayudas Económicas y Subvenciones|Educación, Cultura y Ocio
Ayudas Económicas y Subvenciones|Medio Ambiente
Asuntos Personales|Padrón , Registro y Datos Personales
Asuntos Personales|Servicios Adicionales Vivienda
Asuntos Personales|Servicio de Asesorias
Asuntos Personales|Familia
Asuntos Personales|Consumo
Asuntos Personales|Prevención y Salud
Asuntos Personales|Carnés, Tarjetas y Abonos
Asuntos Personales|Extranjeros
Asuntos Personales|Derechos funerarios
Asuntos Personales|Formación y Empleo
Asuntos Personales|Compra Vivenda
Asuntos Personales|Rehabilitación Vivienda
Asuntos Personales|Tarjeta Ciudadana
Asuntos Personales|Protección y Modificación de Datos
Asuntos Personales|Servicios Adicionales
Asuntos Personales|Alquiler de Vivienda
Tráfico y Vía Pública|Limpieza Urbana y Recogida de Residuos
Tráfico y Vía Pública|Multas, Sanciones
Tráfico y Vía Pública|Señalización
Tráfico y Vía Pública|Educación Vial
Tráfico y Vía Pública|Mobiliario urbano
Tráfico y Vía Pública|Circulación
Tráfico y Vía Pública|Reserva de Espacios
Tráfico y Vía Pública|Transporte Público
Tráfico y Vía Pública|Policia Local
Tráfico y Vía Pública|Badenes
Tráfico y Vía Pública|Ocupación en la vía
Tráfico y Vía Pública|Otros uso del espacio público
Tráfico y Vía Pública|Autorizaciones Especiales
Tráfico y Vía Pública|Objetos Perdidos
Tráfico y Vía Pública|Taxis
Tráfico y Vía Pública|Tomas de Agua y Vertidos
Tráfico y Vía Pública|Estacionamiento, Reserva de Espacios
Tráfico y Vía Pública|Circulación y Aparcamiento
Tributos|Impuesto de Actividades Económicas -IAE-
Tributos|Autoliquidaciones
Tributos|Impuesto sobre el Incremento del Valor del Suelo Urbano -Plusvalía-
Tributos|Impuesto de Vehículos de Tracción Mecánica (IVTM)
Tributos|Impuesto de Bienes Inmuebles -IBI-
Tributos|Ingresos Urbanísticos
Tributos|Gestión Tributaria
Tributos|Pagos
Tributos|Cobros
Agua|Control de Aguas
Agua|Alta
Agua|Recursos Didacticos
Agua|Baja
Agua|Consumo
Agua|Instalaciones
Agua|Bonificaciones y Coeficientes
Agua|Devolución
Educación, Cutura y Ocio|Cursos y Actividades
Educación, Cutura y Ocio|Matrícula en Centros Educativos y Formativos
Educación, Cutura y Ocio|Educación Vial
Educación, Cutura y Ocio|Ayudas, becas y subvenciones
Educación, Cutura y Ocio|Visitas e itinerarios
Educación, Cutura y Ocio|Museos
Educación, Cutura y Ocio|Turismo
Educación, Cutura y Ocio|Recursos Didácticos
Educación, Cutura y Ocio|Archivos - Bibliotecas - Hemeroteca- Centros de Documentación
Educación, Cutura y Ocio|Carnés, Tarjetas y Abonos
Tramitación Electrónica: Identificación|Tramitación Electrónica
Urbanismo|Planeamiento
Urbanismo|Autoliquidaciones
Urbanismo|Actividades no Clasificadas: Urbanísticas y/o Apertura
Urbanismo|Obras Mayores
Urbanismo|Atención ciudadana / Información y documentación
Urbanismo|Actividades Ambientales Clasificadas
Urbanismo|Servicios Adicionales
Urbanismo|Edificios
Urbanismo|Badenes
Urbanismo|Planos
Urbanismo|Urbanismo afectados por la Ordenanza Municipal de Medios de Intervención en la Actividad Urbanística. -MIAU-
Urbanismo|Obras Menores, Vallas y Andamios
Derechos Sociales|Servicios Domiciliarios
Derechos Sociales|Cursos y Actividades
Derechos Sociales|Inserción Sociolaboral
Derechos Sociales|Igualdad de Género
Derechos Sociales|Subvenciones
Derechos Sociales|Servicio de Asesorias
Derechos Sociales|Multiculturalidad
Derechos Sociales|Albergue Municipal
Derechos Sociales|Atención a la Discapacidad y la Autonomía Personal
Derechos Sociales|Información Y Documentación
Derechos Sociales|Prestaciones Económicas y Bonificaciones
Derechos Sociales|Promoción de la Salud
Derechos Sociales|Menores en Riesgo
Derechos Sociales|Atención a la Dependencia
Trabajo y Empleo|Formación
Trabajo y Empleo|Empleo
Medio Ambiente y Salud Pública|Limpieza Urbana y Recogida de Residuos
Medio Ambiente y Salud Pública|Calidad Ambiental
Medio Ambiente y Salud Pública|Información y Documentación
Medio Ambiente y Salud Pública|Formación y Educación Ambiental
Medio Ambiente y Salud Pública|Ayudas y Subvenciones
Medio Ambiente y Salud Pública|Animales, Seguridad Alimentaria y Control de Aguas
Medio Ambiente y Salud Pública|Espacios Verdes
Deporte|Cursos y Actividades
Deporte|Reserva de Espacios
Deporte|Carnés, Tarjetas y Abonos
Tipo de Trámites y Gestiones|Alquiler y Reserva de Instalaciones
Tipo de Trámites y Gestiones|Duplicado de Documentos
Tipo de Trámites y Gestiones|Recursos Administrativos
Tipo de Trámites y Gestiones|Sanciones y Reclamaciones
Tipo de Trámites y Gestiones|Ayudas Económicas y Subvenciones
Tipo de Trámites y Gestiones|Justificantes, Certificados e Informes
Tipo de Trámites y Gestiones|Licencias y Autorizaciones
Tipo de Trámites y Gestiones|Bajas y Exenciones
Tipo de Trámites y Gestiones|Altas, Inscripciones y Solicitudes de Plazas
Tipo de Trámites y Gestiones|Pagos y Devoluciones
Tipo de Trámites y Gestiones|Carnés, Tarjetas y Abonos
Tipo de Trámites y Gestiones|Solicitud de Información
